{"cameraMode":{"drawMode":0,"name":"Shaded","section":"Shading Mode"},"sceneLighting":true,"audioPlay":false,"sceneViewState":{"showFog":true,"showMaterialUpdate":false,"showSkybox":true,"showFlares":true,"showImageEffects":true,"showParticleSystems":true},"in2DMode":false,"pivot":{"x":557.1683959960938,"y":387.18365478515627,"z":-118.62704467773438},"rotation":{"x":-0.13066717982292176,"y":0.09797748178243637,"z":0.012977754697203637,"w":0.9864884614944458},"size":451.820068359375,"orthographic":false}