{"cameraMode":{"drawMode":0,"name":"Shaded","section":"Shading Mode"},"sceneLighting":true,"audioPlay":false,"sceneViewState":{"showFog":true,"showMaterialUpdate":false,"showSkybox":true,"showFlares":true,"showImageEffects":true,"showParticleSystems":true},"in2DMode":false,"pivot":{"x":3.325714111328125,"y":-106.50187683105469,"z":334.0},"rotation":{"x":0.0032787295058369638,"y":-0.13608092069625855,"z":0.0004493931483011693,"w":0.990693986415863},"size":145.70420837402345,"orthographic":false}